Nacionalidades  ,2000,2001,2002,2003,2004,2005,2006,2007,2008,2009,2010,2011,2012,2013,2014,2015,2016,2017,2018,2019
Afganistán  ,0  ,0  ,0  ,0  ,0  ,8  ,8  ,27  ,42  ,31  ,37  ,23  ,25  ,16  ,37  ,20  ,20  ,21  ,32  ,37  
Albania  ,0  ,0  ,6  ,7  ,10  ,34  ,75  ,98  ,77  ,58  ,57  ,66  ,55  ,60  ,68  ,63  ,73  ,98  ,111  ,117  
Alemania  ,77  ,66  ,96  ,123  ,160  ,657  ,1284  ,1183  ,1100  ,981  ,904  ,898  ,813  ,750  ,940  ,980  ,989  ,1240  ,1241  ,1244  
Andorra  ,5  ,5  ,11  ,5  ,15  ,5  ,19  ,14  ,43  ,41  ,39  ,76  ,56  ,39  ,57  ,71  ,69  ,51  ,54  ,40  
Angola  ,1  ,0  ,0  ,1  ,7  ,1  ,6  ,6  ,13  ,10  ,7  ,9  ,8  ,9  ,8  ,10  ,7  ,19  ,10  ,17  
Antigua y Barbuda  ,0  ,0  ,0  ,0  ,0  ,0  ,0  ,0  ,1  ,0  ,0  ,2  ,0  ,0  ,0  ,0  ,0  ,1  ,0  ,5  
Arabia Saudí  ,0  ,0  ,0  ,0  ,0  ,224  ,258  ,340  ,11  ,8  ,10  ,24  ,22  ,34  ,23  ,41  ,39  ,34  ,30  ,39  
Argelia  ,50  ,48  ,83  ,79  ,108  ,21  ,46  ,52  ,363  ,265  ,323  ,305  ,262  ,286  ,265  ,292  ,221  ,265  ,354  ,409  
Argentina  ,127  ,144  ,517  ,664  ,671  ,1619  ,2194  ,2261  ,1993  ,1524  ,1222  ,1128  ,804  ,961  ,1037  ,1208  ,1299  ,1885  ,2132  ,3314  
Armenia  ,10  ,19  ,16  ,37  ,51  ,282  ,363  ,483  ,375  ,231  ,196  ,186  ,193  ,187  ,243  ,243  ,225  ,274  ,184  ,192  
Australia  ,0  ,2  ,1  ,4  ,3  ,33  ,62  ,51  ,73  ,59  ,62  ,62  ,51  ,62  ,74  ,82  ,110  ,91  ,130  ,141  
Austria  ,5  ,3  ,13  ,12  ,8  ,87  ,135  ,128  ,133  ,95  ,99  ,118  ,75  ,87  ,104  ,116  ,114  ,126  ,135  ,151  
Azerbaiyán  ,0  ,1  ,0  ,1  ,2  ,4  ,5  ,7  ,20  ,10  ,5  ,17  ,27  ,21  ,37  ,46  ,36  ,39  ,21  ,42  
Bahamas  ,0  ,0  ,0  ,0  ,0  ,0  ,0  ,1  ,0  ,0  ,1  ,1  ,1  ,2  ,0  ,0  ,1  ,2  ,1  ,7  
Bahréin  ,0  ,0  ,0  ,0  ,0  ,0  ,0  ,0  ,0  ,0  ,0  ,0  ,0  ,0  ,0  ,1  ,14  ,1  ,3  ,3  
Bangladesh  ,11  ,14  ,24  ,31  ,54  ,346  ,395  ,455  ,615  ,676  ,670  ,620  ,723  ,501  ,451  ,593  ,623  ,815  ,1158  ,1179  
Barbados  ,0  ,0  ,0  ,0  ,0  ,1  ,0  ,0  ,1  ,2  ,1  ,0  ,0  ,1  ,2  ,1  ,1  ,1  ,0  ,1  
Belarús  ,0  ,0  ,4  ,2  ,20  ,38  ,47  ,67  ,58  ,49  ,60  ,48  ,56  ,71  ,94  ,74  ,104  ,97  ,97  ,102  
Bélgica  ,22  ,17  ,35  ,10  ,23  ,135  ,262  ,231  ,200  ,165  ,157  ,165  ,158  ,157  ,197  ,277  ,241  ,273  ,287  ,294  
Belice  ,0  ,0  ,0  ,0  ,0  ,0  ,0  ,0  ,0  ,0  ,0  ,0  ,1  ,0  ,0  ,0  ,0  ,0  ,1  ,1  
Benin  ,0  ,0  ,1  ,3  ,0  ,3  ,6  ,4  ,6  ,3  ,6  ,2  ,1  ,5  ,2  ,3  ,4  ,6  ,3  ,2  
Bhután  ,0  ,0  ,0  ,0  ,0  ,0  ,1  ,0  ,0  ,0  ,0  ,0  ,0  ,0  ,0  ,0  ,0  ,0  ,1  ,1  
Bolivia  ,19  ,43  ,123  ,281  ,553  ,2941  ,7911  ,6086  ,3046  ,2494  ,1937  ,1837  ,1559  ,1452  ,1238  ,1147  ,1007  ,1051  ,1103  ,1071  
Bosnia y Herzegovina  ,0  ,3  ,0  ,0  ,13  ,10  ,18  ,18  ,21  ,19  ,21  ,13  ,16  ,14  ,14  ,17  ,10  ,17  ,20  ,18  
Botswana  ,0  ,0  ,0  ,0  ,0  ,0  ,0  ,0  ,1  ,0  ,0  ,0  ,0  ,0  ,0  ,0  ,0  ,2  ,2  ,0  
Brasil  ,48  ,56  ,115  ,128  ,174  ,1464  ,2951  ,3556  ,2980  ,1774  ,1583  ,1464  ,1221  ,1065  ,1253  ,1410  ,1512  ,1757  ,1984  ,2158  
Bulgaria  ,7  ,16  ,48  ,61  ,76  ,237  ,356  ,528  ,366  ,348  ,365  ,366  ,345  ,266  ,272  ,282  ,292  ,265  ,229  ,248  
Burkina Faso  ,0  ,1  ,1  ,1  ,1  ,6  ,8  ,16  ,14  ,9  ,7  ,5  ,9  ,12  ,9  ,4  ,4  ,4  ,3  ,7  
Burundi  ,0  ,0  ,0  ,0  ,0  ,1  ,0  ,1  ,1  ,0  ,1  ,3  ,2  ,1  ,0  ,1  ,4  ,0  ,1  ,2  
Cabo Verde  ,0  ,0  ,0  ,1  ,0  ,0  ,0  ,3  ,8  ,4  ,5  ,8  ,0  ,1  ,1  ,2  ,4  ,1  ,4  ,2  
Camboya  ,0  ,0  ,0  ,0  ,0  ,0  ,0  ,2  ,4  ,0  ,0  ,3  ,1  ,0  ,0  ,1  ,0  ,4  ,3  ,2  
Camerún  ,8  ,7  ,5  ,11  ,23  ,36  ,60  ,60  ,71  ,68  ,45  ,62  ,56  ,56  ,46  ,42  ,37  ,42  ,56  ,70  
Canadá  ,4  ,7  ,2  ,4  ,5  ,74  ,80  ,92  ,112  ,137  ,130  ,155  ,148  ,160  ,166  ,175  ,195  ,197  ,226  ,272  
Chad  ,0  ,0  ,0  ,0  ,0  ,0  ,2  ,1  ,0  ,0  ,0  ,0  ,0  ,2  ,0  ,0  ,0  ,3  ,0  ,1  
Chile  ,53  ,70  ,133  ,153  ,204  ,908  ,1478  ,1452  ,1173  ,910  ,928  ,875  ,770  ,534  ,576  ,754  ,837  ,1072  ,1048  ,1294  
China  ,102  ,138  ,394  ,555  ,1040  ,2621  ,3375  ,4454  ,5262  ,3869  ,3418  ,3290  ,2879  ,2747  ,2811  ,3091  ,2959  ,3299  ,3394  ,3719  
Chipre  ,0  ,0  ,0  ,0  ,0  ,2  ,4  ,6  ,10  ,5  ,8  ,12  ,12  ,10  ,20  ,22  ,25  ,27  ,31  ,35  
Colombia  ,350  ,519  ,1052  ,1046  ,1177  ,1816  ,2836  ,3364  ,3866  ,3142  ,2944  ,2746  ,2190  ,1896  ,1855  ,1971  ,2551  ,3255  ,4267  ,5976  
Comores  ,0  ,0  ,0  ,0  ,0  ,0  ,0  ,0  ,0  ,0  ,1  ,0  ,0  ,0  ,0  ,0  ,0  ,0  ,1  ,0  
Congo  ,8  ,5  ,4  ,11  ,3  ,8  ,14  ,17  ,16  ,10  ,10  ,14  ,8  ,6  ,12  ,7  ,7  ,11  ,13  ,10  
Corea  ,14  ,5  ,2  ,4  ,5  ,41  ,73  ,96  ,90  ,105  ,108  ,140  ,176  ,159  ,194  ,198  ,204  ,230  ,204  ,242  
Corea del Norte  ,0  ,0  ,0  ,0  ,0  ,1  ,0  ,1  ,0  ,0  ,3  ,0  ,0  ,0  ,0  ,0  ,1  ,0  ,2  ,1  
Costa de Marfil  ,2  ,3  ,2  ,4  ,2  ,13  ,21  ,33  ,47  ,19  ,14  ,18  ,15  ,9  ,11  ,10  ,18  ,19  ,26  ,29  
Costa Rica  ,3  ,1  ,4  ,1  ,2  ,32  ,71  ,77  ,107  ,83  ,79  ,104  ,97  ,81  ,104  ,130  ,199  ,190  ,184  ,179  
Croacia  ,0  ,1  ,0  ,4  ,5  ,21  ,20  ,29  ,43  ,39  ,35  ,31  ,35  ,43  ,47  ,57  ,79  ,89  ,94  ,109  
Cuba  ,99  ,104  ,129  ,160  ,169  ,397  ,615  ,674  ,690  ,527  ,489  ,528  ,504  ,443  ,445  ,417  ,359  ,491  ,529  ,721  
Dinamarca  ,3  ,2  ,11  ,11  ,10  ,75  ,82  ,88  ,79  ,67  ,96  ,99  ,107  ,76  ,102  ,91  ,115  ,125  ,111  ,153  
Djibouti  ,0  ,0  ,0  ,0  ,0  ,0  ,0  ,0  ,0  ,0  ,0  ,0  ,0  ,0  ,0  ,1  ,0  ,0  ,0  ,0  
Dominica  ,0  ,0  ,1  ,0  ,2  ,1  ,3  ,11  ,4  ,3  ,5  ,2  ,3  ,3  ,11  ,3  ,14  ,12  ,14  ,6  
Ecuador    ,418  ,948  ,1859  ,2726  ,2525  ,2885  ,3032  ,3530  ,4234  ,2933  ,2234  ,1842  ,1710  ,1549  ,1310  ,1335  ,1289  ,1432  ,1300  ,1324  
Egipto  ,2  ,3  ,3  ,3  ,7  ,28  ,26  ,57  ,65  ,40  ,70  ,72  ,54  ,112  ,113  ,165  ,180  ,162  ,170  ,194  
El Salvador  ,9  ,11  ,16  ,19  ,24  ,87  ,254  ,282  ,223  ,184  ,213  ,222  ,208  ,179  ,235  ,281  ,355  ,452  ,601  ,804  
Emiratos Árabes Unidos  ,0  ,0  ,0  ,0  ,0  ,1  ,0  ,0  ,1  ,1  ,1  ,4  ,1  ,0  ,2  ,0  ,4  ,4  ,5  ,5  
Eritrea  ,0  ,0  ,0  ,0  ,0  ,0  ,0  ,0  ,0  ,1  ,2  ,0  ,0  ,0  ,0  ,0  ,0  ,4  ,2  ,1  
Eslovenia  ,0  ,1  ,0  ,0  ,1  ,12  ,17  ,41  ,16  ,29  ,29  ,20  ,19  ,22  ,27  ,43  ,34  ,43  ,36  ,54  
España  ,20569  ,21489  ,23829  ,25039  ,25170  ,31027  ,29941  ,29521  ,29087  ,32373  ,35034  ,35594  ,33835  ,33553  ,36562  ,38026  ,33050  ,35354  ,33407  ,33635  
Estados Unidos de América  ,32  ,27  ,34  ,71  ,75  ,486  ,686  ,782  ,809  ,920  ,918  ,1004  ,896  ,857  ,1006  ,1128  ,1274  ,1507  ,1507  ,1708  
Estonia  ,0  ,1  ,0  ,1  ,0  ,7  ,20  ,22  ,34  ,23  ,26  ,31  ,30  ,44  ,38  ,38  ,40  ,37  ,29  ,45  
Etiopía  ,1  ,0  ,0  ,3  ,0  ,12  ,20  ,12  ,25  ,29  ,25  ,21  ,18  ,6  ,12  ,3  ,4  ,5  ,8  ,7  
Fiji  ,0  ,0  ,0  ,0  ,0  ,0  ,0  ,0  ,7  ,0  ,0  ,0  ,0  ,0  ,0  ,0  ,0  ,0  ,0  ,0  
Filipinas  ,35  ,30  ,57  ,74  ,76  ,528  ,956  ,1213  ,1603  ,970  ,801  ,867  ,675  ,636  ,579  ,769  ,694  ,780  ,735  ,766  
Finlandia  ,7  ,5  ,5  ,4  ,6  ,61  ,82  ,73  ,78  ,66  ,87  ,104  ,76  ,63  ,86  ,97  ,98  ,123  ,127  ,89  
Francia  ,109  ,87  ,129  ,161  ,210  ,1277  ,2215  ,2254  ,2068  ,1750  ,1626  ,1656  ,1329  ,1434  ,1817  ,2176  ,2263  ,2670  ,2402  ,2636  
Gabón  ,0  ,0  ,0  ,1  ,2  ,0  ,3  ,1  ,1  ,0  ,5  ,5  ,2  ,4  ,0  ,2  ,4  ,2  ,2  ,4  
Gambia  ,5  ,3  ,6  ,7  ,6  ,17  ,34  ,98  ,152  ,70  ,54  ,49  ,48  ,59  ,48  ,49  ,37  ,43  ,45  ,66  
Georgia  ,6  ,0  ,1  ,17  ,28  ,241  ,589  ,903  ,740  ,417  ,402  ,383  ,421  ,357  ,431  ,485  ,534  ,641  ,971  ,1123  
Ghana  ,6  ,20  ,20  ,26  ,40  ,126  ,104  ,168  ,305  ,226  ,288  ,182  ,152  ,132  ,100  ,80  ,60  ,64  ,68  ,97  
Granada  ,0  ,0  ,0  ,0  ,0  ,0  ,0  ,0  ,0  ,0  ,0  ,0  ,1  ,0  ,0  ,1  ,0  ,1  ,0  ,2  
Grecia  ,2  ,1  ,2  ,12  ,16  ,81  ,141  ,146  ,134  ,98  ,91  ,132  ,147  ,147  ,150  ,182  ,195  ,192  ,228  ,239  
Guatemala  ,5  ,1  ,7  ,7  ,7  ,52  ,110  ,138  ,128  ,100  ,111  ,105  ,107  ,73  ,101  ,138  ,129  ,135  ,183  ,182  
Guinea  ,29  ,39  ,46  ,29  ,49  ,98  ,141  ,198  ,239  ,151  ,128  ,122  ,77  ,111  ,107  ,101  ,28  ,35  ,66  ,70  
Guinea Ecuatorial  ,4  ,13  ,15  ,8  ,25  ,36  ,50  ,59  ,50  ,47  ,33  ,31  ,36  ,35  ,27  ,47  ,83  ,85  ,59  ,67  
Guinea-Bissau  ,1  ,0  ,4  ,3  ,2  ,15  ,16  ,26  ,38  ,10  ,18  ,16  ,14  ,18  ,7  ,13  ,10  ,13  ,15  ,22  
Guyana  ,0  ,0  ,0  ,0  ,0  ,0  ,1  ,0  ,0  ,0  ,2  ,1  ,1  ,0  ,0  ,0  ,1  ,0  ,0  ,0  
Haití  ,0  ,2  ,0  ,2  ,0  ,3  ,17  ,4  ,15  ,10  ,4  ,2  ,4  ,2  ,3  ,9  ,8  ,6  ,9  ,11  
Honduras  ,27  ,8  ,10  ,27  ,36  ,262  ,992  ,1361  ,937  ,844  ,1065  ,1374  ,1232  ,1108  ,1379  ,1880  ,2087  ,2767  ,3684  ,4364  
Hungría  ,5  ,1  ,4  ,5  ,5  ,35  ,97  ,95  ,143  ,102  ,118  ,102  ,125  ,130  ,121  ,195  ,165  ,176  ,175  ,213  
India  ,30  ,43  ,62  ,87  ,164  ,650  ,1269  ,1883  ,2427  ,1999  ,1745  ,1456  ,1224  ,1311  ,1227  ,1371  ,1272  ,1441  ,1973  ,2282  
Indonesia  ,0  ,0  ,0  ,1  ,2  ,2  ,14  ,27  ,42  ,25  ,11  ,16  ,19  ,23  ,24  ,26  ,26  ,40  ,32  ,34  
Irán  ,3  ,6  ,4  ,8  ,5  ,15  ,34  ,41  ,45  ,44  ,95  ,92  ,150  ,102  ,109  ,121  ,187  ,401  ,278  ,370  
Iraq  ,4  ,2  ,0  ,4  ,3  ,6  ,16  ,9  ,17  ,6  ,1  ,8  ,13  ,13  ,28  ,24  ,31  ,35  ,32  ,38  
Irlanda  ,9  ,5  ,3  ,9  ,8  ,76  ,144  ,112  ,115  ,149  ,131  ,150  ,111  ,124  ,148  ,159  ,148  ,192  ,194  ,255  
Islandia  ,0  ,3  ,0  ,1  ,2  ,16  ,22  ,47  ,30  ,23  ,15  ,29  ,26  ,16  ,33  ,34  ,31  ,26  ,23  ,21  
Islas Salomón  ,0  ,0  ,0  ,0  ,0  ,0  ,0  ,0  ,0  ,0  ,0  ,0  ,0  ,0  ,0  ,0  ,0  ,1  ,0  ,0  
Israel  ,0  ,0  ,6  ,8  ,11  ,58  ,80  ,95  ,97  ,92  ,63  ,82  ,72  ,72  ,88  ,76  ,94  ,134  ,112  ,113  
Italia  ,125  ,157  ,323  ,448  ,558  ,2411  ,4156  ,4224  ,4333  ,3671  ,3424  ,3040  ,2827  ,2840  ,3698  ,4811  ,4973  ,6309  ,6857  ,8053  
Jamaica  ,0  ,0  ,0  ,0  ,0  ,1  ,0  ,2  ,3  ,6  ,1  ,2  ,5  ,3  ,2  ,3  ,3  ,2  ,1  ,6  
Japón  ,35  ,18  ,17  ,12  ,30  ,151  ,280  ,243  ,251  ,252  ,249  ,291  ,309  ,336  ,303  ,335  ,289  ,339  ,329  ,316  
Jordania  ,2  ,6  ,1  ,4  ,1  ,8  ,31  ,25  ,18  ,14  ,23  ,20  ,26  ,25  ,34  ,40  ,27  ,39  ,36  ,50  
Kazajstán  ,0  ,0  ,3  ,1  ,3  ,5  ,19  ,15  ,33  ,32  ,44  ,40  ,70  ,73  ,107  ,128  ,138  ,123  ,131  ,190  
Kenia  ,1  ,1  ,6  ,1  ,2  ,5  ,7  ,5  ,7  ,10  ,14  ,6  ,11  ,8  ,13  ,17  ,18  ,19  ,22  ,29  
Kirguistán  ,0  ,4  ,0  ,0  ,0  ,1  ,2  ,1  ,1  ,1  ,8  ,6  ,7  ,8  ,10  ,10  ,8  ,12  ,14  ,35  
Kuwait  ,0  ,0  ,0  ,0  ,0  ,0  ,2  ,1  ,0  ,1  ,3  ,8  ,10  ,5  ,8  ,4  ,9  ,10  ,17  ,8  
Laos  ,0  ,0  ,0  ,0  ,1  ,0  ,1  ,1  ,0  ,0  ,0  ,1  ,1  ,0  ,0  ,0  ,0  ,1  ,1  ,1  
Lesotho  ,0  ,0  ,0  ,0  ,0  ,0  ,0  ,0  ,0  ,0  ,1  ,0  ,0  ,1  ,0  ,0  ,1  ,0  ,0  ,1  
Letonia  ,3  ,2  ,1  ,2  ,2  ,8  ,29  ,47  ,55  ,48  ,42  ,51  ,53  ,34  ,55  ,72  ,46  ,60  ,72  ,79  
Líbano  ,12  ,10  ,7  ,7  ,3  ,18  ,33  ,43  ,51  ,36  ,45  ,54  ,44  ,64  ,80  ,89  ,141  ,145  ,179  ,182  
Liberia  ,2  ,1  ,3  ,3  ,3  ,3  ,4  ,1  ,5  ,4  ,2  ,2  ,0  ,2  ,1  ,0  ,1  ,0  ,1  ,2  
Libia  ,1  ,1  ,0  ,0  ,6  ,2  ,8  ,5  ,1  ,3  ,3  ,10  ,12  ,16  ,35  ,51  ,31  ,24  ,28  ,35  
Liechtenstein  ,0  ,0  ,0  ,0  ,0  ,0  ,0  ,0  ,2  ,0  ,1  ,0  ,1  ,1  ,2  ,0  ,0  ,0  ,3  ,0  
Lituania  ,0  ,0  ,3  ,5  ,5  ,22  ,104  ,120  ,82  ,81  ,81  ,76  ,74  ,53  ,89  ,83  ,93  ,119  ,124  ,104  
Luxemburgo  ,0  ,0  ,0  ,1  ,0  ,0  ,2  ,9  ,7  ,2  ,4  ,6  ,5  ,3  ,3  ,4  ,10  ,15  ,14  ,21  
Macedonia  ,0  ,0  ,1  ,5  ,5  ,2  ,13  ,16  ,13  ,11  ,16  ,17  ,16  ,18  ,13  ,16  ,20  ,20  ,17  ,19  
Madagascar  ,0  ,0  ,0  ,0  ,1  ,0  ,1  ,0  ,1  ,3  ,1  ,4  ,1  ,0  ,3  ,3  ,3  ,2  ,2  ,4  
Malasia  ,2  ,0  ,0  ,1  ,1  ,4  ,6  ,10  ,6  ,13  ,5  ,13  ,12  ,7  ,10  ,13  ,22  ,19  ,30  ,24  
Malawi  ,0  ,0  ,1  ,0  ,0  ,0  ,0  ,0  ,1  ,1  ,1  ,0  ,0  ,0  ,0  ,0  ,0  ,4  ,1  ,4  
Maldivas  ,0  ,0  ,0  ,0  ,0  ,0  ,0  ,0  ,0  ,0  ,0  ,0  ,0  ,0  ,3  ,1  ,1  ,1  ,1  ,0  
Mali  ,7  ,4  ,11  ,13  ,13  ,23  ,48  ,49  ,54  ,54  ,42  ,31  ,25  ,30  ,18  ,36  ,18  ,22  ,25  ,36  
Malta  ,0  ,0  ,0  ,0  ,0  ,2  ,8  ,5  ,1  ,7  ,6  ,8  ,2  ,2  ,7  ,8  ,7  ,10  ,8  ,22  
Marruecos  ,320  ,476  ,697  ,775  ,1011  ,2278  ,2788  ,3170  ,3600  ,2630  ,2472  ,2387  ,1931  ,1726  ,1866  ,1934  ,1709  ,1931  ,2715  ,3240  
Mauricio  ,0  ,0  ,0  ,0  ,1  ,2  ,1  ,0  ,1  ,1  ,4  ,5  ,2  ,1  ,3  ,2  ,2  ,5  ,3  ,3  
Mauritania  ,2  ,3  ,15  ,5  ,6  ,26  ,51  ,51  ,130  ,40  ,48  ,36  ,35  ,19  ,12  ,29  ,17  ,11  ,10  ,12  
México  ,25  ,39  ,52  ,74  ,118  ,948  ,1307  ,1358  ,1345  ,1117  ,1123  ,1299  ,1124  ,888  ,1026  ,1119  ,1060  ,1153  ,1127  ,1246  
Moldavia  ,2  ,10  ,13  ,28  ,22  ,2  ,10  ,5  ,130  ,80  ,63  ,67  ,65  ,67  ,61  ,76  ,66  ,59  ,65  ,66  
Mónaco  ,0  ,0  ,0  ,0  ,0  ,0  ,0  ,0  ,0  ,0  ,2  ,0  ,1  ,0  ,0  ,0  ,0  ,0  ,0  ,0  
Mongolia  ,0  ,0  ,0  ,0  ,3  ,5  ,8  ,8  ,13  ,17  ,5  ,11  ,11  ,15  ,11  ,12  ,9  ,18  ,22  ,7  
Montenegro  ,0  ,0  ,0  ,0  ,0  ,0  ,0  ,25  ,11  ,6  ,8  ,8  ,6  ,10  ,4  ,10  ,10  ,9  ,10  ,10  
Mozambique  ,0  ,2  ,5  ,1  ,0  ,63  ,109  ,155  ,6  ,8  ,6  ,5  ,1  ,4  ,7  ,8  ,8  ,8  ,6  ,6  
Myanmar  ,0  ,0  ,0  ,0  ,0  ,0  ,1  ,0  ,1  ,1  ,1  ,1  ,1  ,1  ,0  ,0  ,2  ,6  ,2  ,2  
Namibia  ,0  ,0  ,0  ,0  ,0  ,0  ,2  ,0  ,0  ,0  ,0  ,2  ,0  ,2  ,0  ,1  ,0  ,5  ,3  ,3  
Nepal  ,2  ,2  ,4  ,3  ,9  ,44  ,198  ,642  ,503  ,368  ,337  ,294  ,362  ,273  ,226  ,170  ,221  ,285  ,340  ,255  
Nicaragua  ,4  ,4  ,4  ,7  ,5  ,48  ,107  ,163  ,145  ,111  ,137  ,163  ,149  ,117  ,131  ,165  ,184  ,221  ,288  ,453  
Níger  ,0  ,0  ,0  ,1  ,2  ,3  ,4  ,4  ,7  ,3  ,1  ,1  ,5  ,2  ,5  ,0  ,1  ,2  ,1  ,6  
Nigeria  ,20  ,34  ,36  ,76  ,105  ,198  ,251  ,286  ,358  ,270  ,247  ,278  ,178  ,217  ,157  ,134  ,137  ,137  ,150  ,179  
Noruega  ,1  ,3  ,1  ,2  ,4  ,39  ,80  ,74  ,56  ,50  ,51  ,63  ,65  ,73  ,85  ,84  ,72  ,75  ,87  ,101  
Nueva Zelanda  ,0  ,2  ,2  ,2  ,1  ,6  ,11  ,13  ,12  ,12  ,20  ,20  ,17  ,26  ,13  ,16  ,24  ,22  ,21  ,28  
Omán  ,0  ,0  ,0  ,0  ,0  ,0  ,0  ,0  ,0  ,1  ,0  ,0  ,1  ,2  ,2  ,1  ,8  ,1  ,0  ,2  
Países Bajos  ,25  ,23  ,24  ,39  ,42  ,245  ,462  ,443  ,448  ,327  ,396  ,442  ,326  ,374  ,378  ,491  ,508  ,561  ,559  ,562  
Pakistán  ,72  ,123  ,385  ,422  ,681  ,2682  ,3977  ,5417  ,6889  ,5404  ,8836  ,6553  ,4966  ,3630  ,3441  ,3708  ,3032  ,2967  ,3644  ,4874  
Panamá  ,0  ,0  ,4  ,6  ,9  ,55  ,87  ,118  ,87  ,106  ,88  ,87  ,86  ,81  ,69  ,92  ,143  ,149  ,148  ,156  
Paraguay  ,4  ,7  ,12  ,12  ,48  ,520  ,1462  ,1806  ,1555  ,1081  ,1097  ,950  ,666  ,604  ,599  ,609  ,801  ,763  ,765  ,941  
Perú  ,226  ,238  ,387  ,529  ,729  ,2133  ,2872  ,3437  ,4425  ,2884  ,2287  ,1974  ,1482  ,1347  ,1319  ,1416  ,1609  ,2473  ,3043  ,3962  
Polonia  ,6  ,9  ,13  ,35  ,32  ,211  ,677  ,600  ,510  ,405  ,435  ,454  ,365  ,331  ,401  ,421  ,444  ,489  ,517  ,610  
Portugal  ,27  ,39  ,33  ,72  ,74  ,390  ,837  ,1034  ,1103  ,767  ,607  ,604  ,555  ,502  ,633  ,741  ,841  ,962  ,974  ,1059  
Puerto Rico  ,0  ,0  ,0  ,0  ,0  ,0  ,0  ,0  ,0  ,0  ,0  ,0  ,0  ,0  ,0  ,0  ,1  ,0  ,0  ,0  
Qatar  ,0  ,0  ,0  ,0  ,0  ,0  ,0  ,0  ,0  ,0  ,0  ,0  ,0  ,0  ,1  ,3  ,9  ,5  ,4  ,4  
Reino Unido  ,46  ,55  ,59  ,76  ,83  ,612  ,907  ,873  ,827  ,866  ,827  ,939  ,866  ,873  ,1012  ,1112  ,1166  ,1459  ,1424  ,1788  
República Centroafricana  ,0  ,0  ,0  ,0  ,0  ,0  ,0  ,0  ,0  ,0  ,0  ,0  ,2  ,2  ,0  ,2  ,2  ,0  ,1  ,3  
República Checa  ,2  ,7  ,4  ,0  ,7  ,41  ,124  ,118  ,93  ,91  ,97  ,98  ,93  ,67  ,72  ,85  ,84  ,89  ,83  ,75  
República Democrática del Congo  ,3  ,0  ,0  ,0  ,0  ,1  ,0  ,0  ,1  ,0  ,0  ,0  ,0  ,0  ,0  ,0  ,0  ,0  ,0  ,1  
República Dominicana  ,107  ,123  ,164  ,232  ,298  ,1103  ,1621  ,1927  ,2196  ,1678  ,1518  ,2026  ,1693  ,1511  ,1433  ,1117  ,1178  ,1196  ,1096  ,1124  
República Eslovaca  ,2  ,3  ,2  ,1  ,7  ,22  ,68  ,63  ,63  ,53  ,45  ,53  ,69  ,56  ,60  ,59  ,64  ,76  ,66  ,69  
Ruanda  ,0  ,1  ,1  ,0  ,0  ,0  ,0  ,3  ,3  ,1  ,0  ,1  ,1  ,3  ,2  ,2  ,1  ,0  ,3  ,2  
Rumanía  ,25  ,96  ,128  ,148  ,221  ,884  ,1497  ,2441  ,1457  ,1329  ,1501  ,1446  ,1014  ,970  ,1130  ,1074  ,917  ,1076  ,973  ,936  
Rusia  ,25  ,34  ,82  ,136  ,136  ,673  ,1024  ,1055  ,823  ,852  ,874  ,985  ,1008  ,1318  ,1448  ,1322  ,1279  ,1299  ,1347  ,1506  
San Cristóbal y Nieves  ,0  ,0  ,0  ,0  ,0  ,0  ,0  ,0  ,0  ,0  ,0  ,0  ,1  ,0  ,1  ,1  ,1  ,0  ,1  ,0  
San Marino  ,0  ,0  ,0  ,0  ,0  ,0  ,0  ,1  ,0  ,0  ,0  ,0  ,0  ,0  ,0  ,0  ,1  ,0  ,0  ,0  
San Vicente y las Granadinas  ,0  ,0  ,0  ,0  ,0  ,0  ,0  ,0  ,0  ,0  ,0  ,0  ,0  ,0  ,0  ,0  ,0  ,0  ,2  ,0  
Santa Lucía  ,0  ,0  ,0  ,0  ,0  ,0  ,0  ,0  ,0  ,0  ,1  ,0  ,0  ,1  ,0  ,0  ,0  ,0  ,0  ,0  
Santo Tomé y Príncipe  ,0  ,0  ,0  ,1  ,0  ,2  ,1  ,0  ,2  ,1  ,0  ,0  ,0  ,0  ,0  ,0  ,1  ,1  ,0  ,1  
Senegal  ,10  ,14  ,21  ,35  ,40  ,114  ,138  ,280  ,340  ,388  ,242  ,248  ,181  ,252  ,237  ,183  ,203  ,195  ,300  ,403  
Serbia  ,0  ,0  ,0  ,0  ,0  ,0  ,0  ,0  ,44  ,77  ,72  ,93  ,72  ,67  ,85  ,76  ,70  ,82  ,73  ,91  
Serbia y Montenegro    ,4  ,6  ,4  ,5  ,7  ,41  ,53  ,48  ,5  ,1  ,0  ,0  ,0  ,0  ,0  ,0  ,0  ,0  ,0  ,0  
Seychelles  ,0  ,0  ,0  ,0  ,0  ,0  ,0  ,0  ,0  ,1  ,0  ,0  ,0  ,1  ,0  ,1  ,1  ,0  ,1  ,1  
Sierra Leona  ,4  ,1  ,4  ,6  ,6  ,7  ,8  ,8  ,4  ,4  ,4  ,7  ,3  ,3  ,5  ,1  ,6  ,5  ,7  ,3  
Singapur  ,1  ,0  ,0  ,0  ,0  ,2  ,10  ,8  ,9  ,11  ,11  ,11  ,15  ,5  ,15  ,19  ,9  ,17  ,14  ,25  
Siria  ,11  ,8  ,7  ,2  ,14  ,31  ,47  ,59  ,47  ,56  ,23  ,45  ,85  ,112  ,146  ,150  ,123  ,115  ,80  ,112  
Somalia  ,0  ,0  ,0  ,1  ,0  ,0  ,0  ,1  ,4  ,1  ,2  ,1  ,4  ,2  ,2  ,3  ,9  ,2  ,4  ,5  
Sri Lanka  ,0  ,0  ,0  ,0  ,1  ,0  ,3  ,2  ,9  ,5  ,6  ,5  ,3  ,6  ,2  ,5  ,10  ,5  ,4  ,7  
Sudáfrica  ,3  ,3  ,6  ,1  ,2  ,12  ,10  ,15  ,24  ,11  ,15  ,24  ,20  ,36  ,14  ,31  ,43  ,44  ,45  ,50  
Sudán  ,0  ,2  ,1  ,1  ,0  ,2  ,5  ,5  ,3  ,3  ,5  ,2  ,0  ,2  ,2  ,3  ,4  ,14  ,7  ,9  
Sudán del Sur  ,0  ,0  ,0  ,0  ,0  ,0  ,0  ,0  ,0  ,0  ,0  ,0  ,0  ,0  ,0  ,0  ,0  ,0  ,1  ,0  
Suecia  ,2  ,5  ,13  ,23  ,27  ,240  ,420  ,357  ,409  ,438  ,377  ,374  ,390  ,273  ,266  ,299  ,291  ,302  ,365  ,356  
Suiza  ,13  ,7  ,6  ,20  ,10  ,86  ,158  ,118  ,120  ,116  ,135  ,122  ,89  ,115  ,140  ,153  ,154  ,194  ,196  ,182  
Surinam  ,0  ,0  ,0  ,0  ,0  ,0  ,0  ,2  ,2  ,0  ,1  ,0  ,1  ,0  ,0  ,0  ,1  ,0  ,1  ,0  
Swazilandia  ,0  ,0  ,0  ,0  ,0  ,0  ,0  ,0  ,0  ,0  ,0  ,0  ,0  ,0  ,0  ,1  ,0  ,0  ,0  ,1  
Tailandia  ,0  ,0  ,1  ,2  ,1  ,9  ,18  ,28  ,25  ,15  ,22  ,31  ,27  ,30  ,31  ,24  ,36  ,23  ,37  ,38  
Tanzania  ,1  ,0  ,0  ,0  ,0  ,3  ,5  ,9  ,10  ,5  ,3  ,4  ,3  ,4  ,7  ,4  ,9  ,13  ,6  ,7  
Tayikistán  ,0  ,0  ,0  ,0  ,0  ,0  ,1  ,2  ,1  ,0  ,2  ,0  ,1  ,4  ,1  ,0  ,1  ,0  ,3  ,2  
Territorios Palestinos [o Palestina]  ,0  ,0  ,0  ,0  ,0  ,0  ,0  ,0  ,0  ,0  ,0  ,0  ,0  ,0  ,0  ,37  ,24  ,31  ,39  ,36  
Timor Oriental  ,0  ,0  ,0  ,0  ,0  ,0  ,0  ,0  ,0  ,0  ,0  ,0  ,0  ,0  ,0  ,0  ,1  ,0  ,0  ,0  
Togo    ,0  ,4  ,1  ,2  ,0  ,1  ,8  ,5  ,9  ,5  ,5  ,5  ,3  ,5  ,4  ,3  ,1  ,4  ,0  ,5  
Tonga  ,0  ,0  ,0  ,0  ,0  ,0  ,0  ,0  ,0  ,0  ,0  ,0  ,0  ,0  ,0  ,0  ,0  ,0  ,0  ,1  
Trinidad y Tobago  ,0  ,0  ,0  ,1  ,0  ,0  ,0  ,2  ,3  ,1  ,1  ,0  ,4  ,0  ,1  ,1  ,4  ,6  ,5  ,4  
Túnez  ,7  ,4  ,4  ,1  ,7  ,30  ,31  ,41  ,42  ,27  ,31  ,43  ,18  ,31  ,37  ,34  ,43  ,72  ,65  ,73  
Turkmenistán  ,1  ,0  ,1  ,0  ,0  ,2  ,0  ,0  ,1  ,2  ,0  ,1  ,1  ,0  ,1  ,5  ,5  ,4  ,3  ,0  
Turquía  ,3  ,0  ,0  ,3  ,8  ,43  ,76  ,109  ,146  ,174  ,139  ,227  ,218  ,201  ,200  ,258  ,319  ,446  ,374  ,364  
Ucrania  ,21  ,21  ,46  ,74  ,95  ,314  ,518  ,636  ,527  ,444  ,469  ,477  ,434  ,455  ,667  ,1033  ,887  ,894  ,855  ,916  
Uganda  ,0  ,0  ,0  ,0  ,0  ,1  ,0  ,0  ,4  ,4  ,1  ,0  ,2  ,3  ,3  ,3  ,4  ,7  ,5  ,2  
Uruguay  ,37  ,53  ,118  ,166  ,223  ,476  ,702  ,663  ,527  ,384  ,326  ,269  ,208  ,185  ,198  ,216  ,225  ,329  ,267  ,400  
Uzbekistán  ,0  ,0  ,4  ,3  ,6  ,2  ,26  ,40  ,19  ,20  ,7  ,19  ,16  ,11  ,13  ,11  ,23  ,30  ,21  ,24  
Venezuela  ,47  ,57  ,83  ,143  ,184  ,613  ,977  ,1121  ,1157  ,960  ,1041  ,1172  ,773  ,877  ,1381  ,1571  ,2050  ,3021  ,3934  ,5002  
Vietnam  ,0  ,0  ,0  ,0  ,0  ,7  ,7  ,7  ,14  ,16  ,9  ,23  ,16  ,15  ,25  ,36  ,60  ,107  ,114  ,98  
Yemen  ,0  ,0  ,0  ,0  ,0  ,1  ,1  ,3  ,0  ,4  ,1  ,0  ,0  ,3  ,3  ,3  ,1  ,2  ,10  ,3  
Zambia  ,0  ,0  ,0  ,0  ,0  ,0  ,1  ,1  ,0  ,0  ,0  ,1  ,0  ,2  ,1  ,0  ,2  ,2  ,2  ,3  
Zimbabwe  ,0  ,1  ,1  ,0  ,1  ,3  ,2  ,0  ,3  ,1  ,5  ,3  ,1  ,2  ,6  ,4  ,4  ,3  ,3  ,8  
Apátridas y no consta  ,3  ,0  ,2  ,7  ,5  ,15  ,25  ,40  ,44  ,38  ,33  ,48  ,53  ,43  ,55  ,66  ,40  ,45  ,48  ,60  